Audio_ID,SNR_Clean_Noisy_dB,SNR_Clean_Denoised_dB,SNR_Denoised_Noisy_dB
001,15.479647578429116,17.381659020479642,24.5636637979301
002,11.31926476838461,12.859302308892477,22.33940374381669
003,6.727291605333882,9.631763984380354,14.755326386302857
005,1.8216681460240747,3.6053236448789145,12.283149791180474
006,16.76332802208003,18.290048140119165,23.574971791758287
007,11.750537133550676,13.355743471120824,19.10395927206503
009,6.781847523817376,7.713652412442479,19.902321063071383
010,0.750076986643889,3.1253013396016183,8.576264127517423
