Audio_ID,SNR_Clean_Noisy_dB,SNR_Clean_Denoised_dB,SNR_Improvement_dB,PESQ_Clean_Noisy,PESQ_Clean_Denoised,PESQ_Improvement,MOS_Clean_Noisy,MOS_Clean_Denoised,MOS_Improvement
001,15.479647578429116,17.381659020479642,1.9020114420505259,2.9209492206573486,2.8563451766967773,-0.06460404396057129,2.705786848852467,2.6120475648135395,-0.09373928403892728
002,11.31926476838461,12.859302308892477,1.5400375405078677,3.0596764087677,3.0328571796417236,-0.026819229125976562,2.9110431646068746,2.8710799199062995,-0.03996324470057511
003,6.727291605333882,9.631763984380354,2.9044723790464726,2.8075149059295654,3.0677881240844727,0.2602732181549072,2.5423256224818225,2.9231457541355916,0.38082013165376916
005,1.8216681460240747,3.6053236448789145,1.7836554988548399,1.32440185546875,1.4586637020111084,0.1342618465423584,1.2553239038338135,1.3078815005962132,0.05255759676239968
006,16.76332802208003,18.290048140119165,1.5267201180391332,2.18715238571167,2.470824718475342,0.2836723327636719,1.795354156286575,2.1000754349527195,0.3047212786661446
007,11.750537133550676,13.355743471120824,1.6052063375701486,1.546398639678955,1.871255874633789,0.324857234954834,1.3473879868647711,1.53589975265862,0.18851176579384887
009,6.781847523817376,7.713652412442479,0.9318048886251029,1.7979906797409058,1.9498546123504639,0.1518639326095581,1.4870096918419904,1.5928848203873365,0.10587512854534609
010,0.750076986643889,3.1253013396016183,2.375224352957729,1.2184643745422363,1.2638649940490723,0.04540061950683594,1.219863701882722,1.2344569288185432,0.014593226935821102
