Audio_ID,SNR_Denoised_Noisy_dB
bus,0.4434920926755293
cafe,4.357012022125179
ped,3.549245052203031
street,2.7437786461199813
