Audio_ID,SNR_Clean_Noisy_dB,SNR_Clean_Denoised_dB,SNR_Improvement_dB
001,15.479647578429116,17.38609839992942,1.9064508215003038
002,11.31926476838461,12.861596973640442,1.542332205255832
003,6.727291605333882,9.634247820645253,2.9069562153113715
005,1.8216681460240747,3.6064736710660785,1.7848055250420038
006,16.76332802208003,18.292940835620314,1.5296128135402824
007,11.750537133550676,13.358022550328151,1.6074854167774753
009,6.781847523817376,7.714982711612323,0.9331351877949468
010,0.750076986643889,3.1265507660090783,2.376473779365189
