Model,EER (%),TAR@1%FAR,Identification Accuracy
Pre-trained,47.93544459376417,0.005956813104988831,0.10989355040701315
Fine-tuned,19.25234656006434,5.318583129454313e-05,0.4364433312460864
